Time      , Domino.RamMB.LKG-1,Domino.RamMB.LKG-2, Domino.RamMB.Dev-1, Domino.RamMB.Dev-2,
    [0:25],                563,               535,                359,                405,
    [0:27],                571,               535,                374,                405,
    [0:29],                571,               545,                383,                364,
    [0:31],                554,               556,                383,                378,
    [0:33],                561,               572,                384,                379,
    [0:35],                564,               574,                392,                384, 
    [0:37],                562,               577,                400,                387, 
    [0:39],                563,               583,                409,                387, 
    [0:41],                565,               583,                409,                387, 
    [0:43],                565,               578,                412,                392, 
    [0:45],                566,               586,                425,                400, 
    [0:47],                573,               586,                426,                401, 
    [0:49],                582,               587,                426,                398, 
    [0:51],                587,               589,                427,                400, 
    [0:53],                604,               589,                427,                400, 
    [0:55],                609,               590,                425,                400, 
    [0:58],                619,               592,                440,                401, 
    [1:00],                619,               592,                449,                407, 
    [1:02],                620,               597,                453,                411, 
    [1:04],                621,               608,                462,                421, 
    [1:06],                621,               620,                477,                424, 
    [1:08],                623,               622,                482,                429, 
    [1:10],                626,               634,                483,                436, 
    [1:12],                627,               634,                487,                438, 
    [1:14],                627,               639,                490,                440, 
    [1:16],                627,               640,                493,                441, 
    [1:18],                627,               641,                491,                442, 
    [1:20],                627,               642,                495,                444, 
    [1:22],                627,               646,                511,                447, 
    [1:24],                631,               656,                509,                449, 
    [1:26],                632,               657,                511,                450, 
    [1:28],                632,               657,                511,                452, 
    [1:30],                632,               658,                514,                452, 
    [1:32],                632,               658,                523,                453, 
    [1:34],                632,               662,                526,                459, 
    [1:36],                632,               664,                526,                459, 
    [1:38],                634,               664,                523,                460, 
    [1:40],                637,               665,                523,                456, 
    [1:42],                637,               665,                522,                454, 
    [1:44],                637,               666,                525,                454, 
    [1:46],                640,               652,                529,                456, 
    [1:48],                640,               653,                529,                459, 
    [1:50],                640,               653,                529,                459, 
    [1:52],                640,               653,                534,                459, 
    [1:54],                640,               656,                534,                463, 
    [1:56],                640,               656,                534,                464, 
    [1:58],                641,               656,                534,                464, 
    [2:00],                641,               657,                540,                464, 
    [2:02],                642,               657,                540,                464, 
    [2:04],                643,               657,                540,                464, 
    [2:06],                643,               657,                538,                465, 
    [2:08],                643,               657,                538,                465, 
    [2:10],                643,               658,                539,                465, 
    [2:12],                648,               659,                539,                466, 
    [2:14],                651,               659,                539,                466, 
    [2:16],                651,               659,                540,                467, 
    [2:18],                652,               662,                540,                473, 
    [2:20],                652,               662,                542,                474, 
    [2:22],                652,               663,                543,                475, 
    [2:24],                653,               663,                543,                476, 
    [2:26],                653,               663,                543,                476, 
    [2:28],                655,               663,                543,                476, 
    [2:30],                655,               664,                543,                479, 
    [2:32],                654,               665,                545,                479, 
    [2:34],                655,               665,                545,                480, 
    [2:36],                657,               666,                545,                481, 
    [2:38],                657,               665,                546,                480, 
    [2:40],                657,               665,                545,                480, 
    [2:42],                654,               663,                545,                482, 
    [2:44],                654,               663,                546,                482, 
    [2:46],                654,               663,                547,                482, 
    [2:48],                654,               664,                547,                484, 
    [2:50],                654,               665,                548,                485, 
    [2:52],                654,               666,                549,                485, 
    [2:54],                655,               666,                549,                485, 
    [2:56],                658,               666,                549,                485, 
    [2:58],                658,               667,                549,                488, 
    [3:00],                658,               669,                550,                489, 
    [3:02],                658,               670,                551,                491, 
    [3:04],                658,               670,                554,                491, 
    [3:06],                658,               670,                555,                491, 
    [3:08],                659,               670,                555,                491, 
    [3:10],                660,               670,                555,                491, 
    [3:12],                661,               671,                555,                493, 
    [3:14],                661,               672,                555,                493, 
    [3:16],                661,               674,                556,                494, 
    [3:18],                661,               674,                556,                494, 
    [3:20],                663,               674,                551,                498, 
    [3:22],                664,               676,                551,                498, 
    [3:24],                664,               677,                551,                499, 
    [3:26],                664,               677,                552,                499, 
    [3:28],                664,               677,                553,                499, 
    [3:30],                665,               679,                553,                502, 
    [3:32],                665,               679,                553,                502, 
    [3:34],                665,               679,                554,                502, 
    [3:36],                665,               679,                554,                502, 
    [3:38],                667,               669,                554,                505, 
    [3:40],                668,               669,                554,                506, 
    [3:42],                668,               669,                556,                506, 
    [3:44],                668,               669,                556,                506, 
    [3:46],                668,               669,                556,                506, 
    [3:48],                659,               670,                556,                487, 
    [3:50],                659,               670,                557,                487, 
    [3:52],                660,               671,                557,                488, 
    [3:54],                660,               671,                558,                488,
    [3:56],                661,               671,                558,                488,
    [3:58],                661,               672,                558,                489,
    [4:00],                662,               673,                559,                490,
    [4:02],                662,               673,                560,                490,
    [4:03],                674,               673,                560,                490,

                                                  
                                                  
                                                  
                                                  
                                                  